Year,Sex,Value
2010,Both Sexes,6.90897
2010,Females,3.08387
2010,Males,10.82393
2015,Both Sexes,7.71665
2015,Females,3.43633
2015,Males,11.9299
2019,Both Sexes,8.52383
2019,Females,3.78689
2019,Males,13.03324
