{"data":{"Year":[2010,2010,2010,2015,2015,2015,2019,2019,2019],"Sex":["Both Sexes","Females","Males","Both Sexes","Females","Males","Both Sexes","Females","Males"],"Value":[6.90897,3.08387,10.82393,7.71665,3.43633,11.9299,8.52383,3.78689,13.03324]},"edges":[]}