{"data":{"Year":[2010,2011,2012,2013,2014,2015,2016,2017,2018,2019,2020,2010,2011,2012,2013,2014,2015,2016,2017,2018,2019,2020,2010,2011,2012,2013,2014,2015,2016,2017,2018,2019,2020],"EST type":["Tracked exported ESTs","Tracked exported ESTs","Tracked exported ESTs","Tracked exported ESTs","Tracked exported ESTs","Tracked exported ESTs","Tracked exported ESTs","Tracked exported ESTs","Tracked exported ESTs","Tracked exported ESTs","Tracked exported ESTs","Tracked imported ESTs","Tracked imported ESTs","Tracked imported ESTs","Tracked imported ESTs","Tracked imported ESTs","Tracked imported ESTs","Tracked imported ESTs","Tracked imported ESTs","Tracked imported ESTs","Tracked imported ESTs","Tracked imported ESTs","Total trade of tracked ESTs","Total trade of tracked ESTs","Total trade of tracked ESTs","Total trade of tracked ESTs","Total trade of tracked ESTs","Total trade of tracked ESTs","Total trade of tracked ESTs","Total trade of tracked ESTs","Total trade of tracked ESTs","Total trade of tracked ESTs","Total trade of tracked ESTs"],"Value":[77.156676,98.381093,102.76855,87.54491,95.341616,84.991751,94.961761,145.237371,141.568718,134.790655,133.844824,229.916956,257.114481,202.045808,196.595317,216.171942,229.646351,188.129188,239.391218,227.347723,219.528181,178.087597,307.073632,355.495574,304.814358,284.140227,311.513558,314.638102,283.090949,386.491022,368.916441,354.318836,311.932421]},"edges":[]}